{"cameraMode":{"drawMode":0,"name":"Shaded","section":"Shading Mode"},"sceneLighting":false,"audioPlay":false,"sceneViewState":{"showFog":false,"showMaterialUpdate":false,"showSkybox":false,"showFlares":false,"showImageEffects":false,"showParticleSystems":false},"in2DMode":false,"pivot":{"x":-0.41600000858306887,"y":9.062999725341797,"z":-5.813000202178955},"rotation":{"x":-0.01675417646765709,"y":-0.08745672553777695,"z":0.0013784904731437564,"w":-0.9960986971855164},"size":0.5715773701667786,"orthographic":false}