{"cameraMode":{"drawMode":0,"name":"Shaded","section":"Shading Mode"},"sceneLighting":true,"audioPlay":false,"sceneViewState":{"showFog":false,"showMaterialUpdate":false,"showSkybox":false,"showFlares":false,"showImageEffects":false,"showParticleSystems":false},"in2DMode":false,"pivot":{"x":-242.90664672851563,"y":24.60252571105957,"z":1359.65087890625},"rotation":{"x":0.010141601786017418,"y":0.09676750004291535,"z":0.0009916421258822084,"w":-0.9953083992004395},"size":1338.4066162109375,"orthographic":false}