{"cameraMode":{"drawMode":0,"name":"Shaded","section":"Shading Mode"},"sceneLighting":true,"audioPlay":false,"sceneViewState":{"showFog":false,"showMaterialUpdate":false,"showSkybox":false,"showFlares":false,"showImageEffects":false,"showParticleSystems":false},"in2DMode":false,"pivot":{"x":6.315572738647461,"y":0.2513229548931122,"z":-3.1482462882995607},"rotation":{"x":0.0029605813324451448,"y":0.9953111410140991,"z":-0.09164173901081085,"w":0.03349478170275688},"size":17.501243591308595,"orthographic":false}