{"cameraMode":{"drawMode":0,"name":"Shaded","section":"Shading Mode"},"sceneLighting":true,"audioPlay":false,"sceneViewState":{"showFog":false,"showMaterialUpdate":false,"showSkybox":false,"showFlares":false,"showImageEffects":false,"showParticleSystems":false},"in2DMode":false,"pivot":{"x":139.10733032226563,"y":15.641477584838868,"z":-33.51083755493164},"rotation":{"x":-0.029820486903190614,"y":0.17197825014591218,"z":-0.0051930686458945278,"w":-0.9846696853637695},"size":22.6876220703125,"orthographic":false}