{"cameraMode":{"drawMode":0,"name":"Shaded","section":"Shading Mode"},"sceneLighting":true,"audioPlay":false,"sceneViewState":{"showFog":false,"showMaterialUpdate":false,"showSkybox":false,"showFlares":false,"showImageEffects":false,"showParticleSystems":false},"in2DMode":false,"pivot":{"x":261.9972839355469,"y":29.297624588012697,"z":-42.17958068847656},"rotation":{"x":-0.012710881419479847,"y":0.1394432634115219,"z":0.004366649780422449,"w":0.9905380010604858},"size":2.8578836917877199,"orthographic":false}