{"cameraMode":{"drawMode":0,"name":"Shaded","section":"Shading Mode"},"sceneLighting":true,"audioPlay":false,"sceneViewState":{"showFog":false,"showMaterialUpdate":false,"showSkybox":false,"showFlares":false,"showImageEffects":false,"showParticleSystems":false},"in2DMode":false,"pivot":{"x":151.67759704589845,"y":11.288674354553223,"z":-20.7225399017334},"rotation":{"x":-0.0032659454736858608,"y":0.07085401564836502,"z":-0.00021560938330367208,"w":-0.9975157380104065},"size":22.6876220703125,"orthographic":false}