{"cameraMode":{"drawMode":0,"name":"Shaded","section":"Shading Mode"},"sceneLighting":true,"audioPlay":false,"sceneViewState":{"showFog":false,"showMaterialUpdate":false,"showSkybox":false,"showFlares":false,"showImageEffects":false,"showParticleSystems":false},"in2DMode":false,"pivot":{"x":113.07734680175781,"y":23.34243392944336,"z":18.068788528442384},"rotation":{"x":-0.008679555729031563,"y":0.0488378182053566,"z":0.00043284232378937304,"w":0.9989004135131836},"size":92.01395416259766,"orthographic":false}