{"cameraMode":{"drawMode":0,"name":"Shaded","section":"Shading Mode"},"sceneLighting":true,"audioPlay":false,"sceneViewState":{"showFog":false,"showMaterialUpdate":false,"showSkybox":false,"showFlares":false,"showImageEffects":false,"showParticleSystems":false},"in2DMode":false,"pivot":{"x":142.98809814453126,"y":50.219608306884769,"z":132.88734436035157},"rotation":{"x":0.06847928464412689,"y":-0.06905487924814224,"z":-0.004737221170216799,"w":-0.9953621625900269},"size":233.47467041015626,"orthographic":false}