{"cameraMode":{"drawMode":0,"name":"Shaded","section":"Shading Mode"},"sceneLighting":false,"audioPlay":false,"sceneViewState":{"showFog":false,"showMaterialUpdate":false,"showSkybox":false,"showFlares":false,"showImageEffects":false,"showParticleSystems":false},"in2DMode":false,"pivot":{"x":-0.41600000858306887,"y":9.062999725341797,"z":-5.813000202178955},"rotation":{"x":-0.07028454542160034,"y":-0.11436233669519425,"z":0.008115219883620739,"w":-0.9909241199493408},"size":0.5715773701667786,"orthographic":false}