{"cameraMode":{"drawMode":0,"name":"Shaded","section":"Shading Mode"},"sceneLighting":false,"audioPlay":false,"sceneViewState":{"showFog":false,"showMaterialUpdate":false,"showSkybox":false,"showFlares":false,"showImageEffects":false,"showParticleSystems":false},"in2DMode":false,"pivot":{"x":-81.07000732421875,"y":-11.793157577514649,"z":14.828147888183594},"rotation":{"x":0.10673293471336365,"y":0.15825988352298737,"z":-0.017214393243193628,"w":0.9815851449966431},"size":233.4590301513672,"orthographic":false}