{"cameraMode":{"drawMode":0,"name":"Shaded","section":"Shading Mode"},"sceneLighting":true,"audioPlay":false,"sceneViewState":{"showFog":false,"showMaterialUpdate":false,"showSkybox":false,"showFlares":false,"showImageEffects":false,"showParticleSystems":false},"in2DMode":false,"pivot":{"x":-39.09477615356445,"y":5.245494842529297,"z":-81.11067199707031},"rotation":{"x":-0.023333046585321428,"y":0.11260583251714707,"z":0.004550561308860779,"w":0.9937018752098084},"size":4.85759162902832,"orthographic":false}