{"cameraMode":{"drawMode":0,"name":"Shaded","section":"Shading Mode"},"sceneLighting":true,"audioPlay":false,"sceneViewState":{"showFog":false,"showMaterialUpdate":false,"showSkybox":false,"showFlares":false,"showImageEffects":false,"showParticleSystems":false},"in2DMode":false,"pivot":{"x":243.17221069335938,"y":16.096757888793947,"z":-57.323097229003909},"rotation":{"x":0.018866101279854776,"y":-0.19333966076374055,"z":-0.0037075441796332599,"w":-0.9809998869895935},"size":5.997353553771973,"orthographic":false}