{"cameraMode":{"drawMode":0,"name":"Shaded","section":"Shading Mode"},"sceneLighting":true,"audioPlay":false,"sceneViewState":{"showFog":false,"showMaterialUpdate":false,"showSkybox":false,"showFlares":false,"showImageEffects":false,"showParticleSystems":false},"in2DMode":false,"pivot":{"x":23.63051986694336,"y":20.16443634033203,"z":-61.761016845703128},"rotation":{"x":-0.005562267731875181,"y":-0.49000999331474306,"z":0.002983212936669588,"w":-0.8717703819274902},"size":17.501243591308595,"orthographic":false}