{"cameraMode":{"drawMode":0,"name":"Shaded","section":"Shading Mode"},"sceneLighting":true,"audioPlay":false,"sceneViewState":{"showFog":false,"showMaterialUpdate":false,"showSkybox":false,"showFlares":false,"showImageEffects":false,"showParticleSystems":false},"in2DMode":false,"pivot":{"x":1.5453497171401978,"y":1.4659854173660279,"z":78.47378540039063},"rotation":{"x":-0.08375795185565949,"y":0.10386619716882706,"z":-0.00875776819884777,"w":-0.9910709261894226},"size":15.128292083740235,"orthographic":false}