{"cameraMode":{"drawMode":0,"name":"Shaded","section":"Shading Mode"},"sceneLighting":false,"audioPlay":false,"sceneViewState":{"showFog":false,"showMaterialUpdate":false,"showSkybox":false,"showFlares":false,"showImageEffects":false,"showParticleSystems":false},"in2DMode":false,"pivot":{"x":-16.72743797302246,"y":2.25,"z":-7.313562393188477},"rotation":{"x":0.09471751004457474,"y":0.016991449519991876,"z":0.0002847753057722002,"w":0.995704710483551},"size":9.063344955444336,"orthographic":false}