{"cameraMode":{"drawMode":0,"name":"Shaded","section":"Shading Mode"},"sceneLighting":true,"audioPlay":false,"sceneViewState":{"showFog":false,"showMaterialUpdate":false,"showSkybox":false,"showFlares":false,"showImageEffects":false,"showParticleSystems":false},"in2DMode":false,"pivot":{"x":34.16153335571289,"y":6.327740669250488,"z":-5.622303009033203},"rotation":{"x":0.36554279923439028,"y":0.19879619777202607,"z":-0.0776018425822258,"w":0.9064611196517944},"size":5.9973578453063969,"orthographic":false}