{"cameraMode":{"drawMode":0,"name":"Shaded","section":"Shading Mode"},"sceneLighting":true,"audioPlay":false,"sceneViewState":{"showFog":false,"showMaterialUpdate":false,"showSkybox":false,"showFlares":false,"showImageEffects":false,"showParticleSystems":false},"in2DMode":false,"pivot":{"x":-60.32405090332031,"y":1.8165770769119263,"z":-5.358636856079102},"rotation":{"x":0.10642208158969879,"y":-0.04863475263118744,"z":0.0070932889357209209,"w":0.9934499263763428},"size":4.85759162902832,"orthographic":false}