{"cameraMode":{"drawMode":0,"name":"Shaded","section":"Shading Mode"},"sceneLighting":true,"audioPlay":false,"sceneViewState":{"showFog":true,"showMaterialUpdate":false,"showSkybox":true,"showFlares":true,"showImageEffects":true,"showParticleSystems":true},"in2DMode":false,"pivot":{"x":273.7180480957031,"y":-1.240053415298462,"z":11.91135311126709},"rotation":{"x":0.12889599800109864,"y":0.1722264587879181,"z":-0.022151868790388109,"w":0.9766057729721069},"size":38.054500579833987,"orthographic":false}